{"performance/step_time":0.039354801177978516,"final_train_loss":4.16452693939209,"train/loss":4.16452693939209,"performance/tokens_per_sec":104078.78778185695,"final_val_loss":4.048844337463379,"data/tokens_processed":2048000,"val_loss":4.048844337463379,"_runtime":23.97798655,"_timestamp":1.754755563004991e+09,"samples/generated_text":{"sha256":"f6c26b5d42716e614f15736bf6409053dd294f5df27f408e7fd1201b46a284ec","size":355,"path":"media/html/samples/generated_text_459_f6c26b5d42716e614f15.html","_type":"html-file"},"optimization/grad_norm":2.338689088821411,"train/perplexity":64.36222800592604,"_wandb":{"runtime":24},"_step":509,"val/loss":4.142349720001221,"optimization/learning_rate":7.484999999999999e-05,"performance/wall_time":23.48942279815674,"val/perplexity":62.950564003735515}