{"_step":10,"train_loss":10.331463813781738,"wall_time":0.824476957321167,"_wandb":{"runtime":1},"step":9,"val_loss":10.376083374023438,"_timestamp":1.754753247450155e+09,"_runtime":1.40548932}