{"step":999,"train_loss":2.9328830242156982,"wall_time":1826.948954820633,"_timestamp":1.7536372215489888e+09,"_runtime":1830.86991,"_step":999,"val_loss":3.007354259490967,"_wandb":{"runtime":1830}}