{"step": 9, "val_loss": 9.2412691116333, "_timestamp": 1754614362.1357791, "_runtime": 5.306206226348877, "_step": 10, "train_loss": 9.079301834106445, "wall_time": 4.923191070556641, "_wandb": {"runtime": 5}}