{"step": 9, "val_loss": 9.25398063659668, "_timestamp": 1754614538.822906, "_runtime": 6.272963047027588, "_step": 10, "train_loss": 9.193622589111328, "wall_time": 5.863039016723633, "_wandb": {"runtime": 5}}