{"_timestamp":1.754753044740234e+09,"_runtime":1.339138409,"_step":10,"train_loss":6.308529853820801,"wall_time":0.8746473789215088,"_wandb":{"runtime":1},"step":9,"val_loss":10.249412536621094}