{"val/loss":3.4224863052368164,"performance/wall_time":44.341357469558716,"_timestamp":1.7547542719465556e+09,"performance/tokens_per_sec":74248.30231995299,"performance/step_time":0.02758312225341797,"optimization/learning_rate":0.00014984999999999998,"_wandb":{"runtime":44},"train/loss":3.460983991622925,"val/loss_improvement":0,"_runtime":44.866655476,"data/tokens_processed":2048000,"optimization/grad_norm":3.5397908687591553,"train/perplexity":31.848299561305318,"_step":1009,"val/perplexity":30.6455144817452,"step":999,"samples/generated_text":{"size":335,"path":"media/html/samples/generated_text_909_8845f3a74a84e0604de1.html","_type":"html-file","sha256":"8845f3a74a84e0604de1496b044651dbd079e49b46b57369390026209e45f586"}}