{"_timestamp":1.7535951865969868e+09,"_runtime":1046.714583,"_step":999,"val_loss":2.997001886367798,"_wandb":{"runtime":1046},"step":999,"train_loss":3.123629093170166,"wall_time":1045.541146993637}