{"step": 9, "val_loss": 9.221593856811523, "_timestamp": 1754614393.485589, "_runtime": 5.199854135513306, "_step": 10, "train_loss": 8.604514122009277, "wall_time": 4.90921425819397, "_wandb": {"runtime": 5}}