{"step": 190, "val_loss": 3.590761661529541, "_timestamp": 1754613316.7252421, "_runtime": 103.67850708961487, "_step": 192, "train_loss": 3.3411989212036133, "wall_time": 103.32837510108948}