{"step": 999, "train_loss": 2.486408233642578, "wall_time": 523.135265827179, "_timestamp": 1754610605.647416, "_runtime": 523.565169095993, "_step": 999, "val_loss": 2.87314510345459, "_wandb": {"runtime": 523}}