{"val_loss":2.9183716773986816,"_wandb":{"runtime":1955},"wall_time":1953.178896188736,"_timestamp":1.753559424740848e+09,"_runtime":1955.963952,"_step":999,"step":999,"train_loss":2.8864190578460693}