{"performance/step_time":0.03842806816101074,"data/tokens_processed":1024000,"optimization/learning_rate":7.484999999999999e-05,"_timestamp":1.7547559545806966e+09,"_step":509,"val/perplexity":85.06958123508733,"optimization/grad_norm":3.3763105869293213,"_wandb":{"runtime":23},"train/loss":4.331603527069092,"performance/wall_time":23.143415689468384,"samples/generated_text":{"sha256":"cca81cbb5c975e31691c1056238e5a910e65538c71f2ad40961afe0aa69928d0","size":360,"path":"media/html/samples/generated_text_459_cca81cbb5c975e31691c.html","_type":"html-file"},"performance/tokens_per_sec":53294.37825026833,"_runtime":23.719101394,"train/perplexity":76.06616297838944,"val_loss":4.518247604370117,"val/loss":4.443469524383545,"final_val_loss":4.518247604370117,"final_train_loss":4.331603527069092}