{"wall_time":1525.2356827259064,"_timestamp":1.753571076037594e+09,"_runtime":1526.897474,"_step":999,"val_loss":7.995580196380615,"_wandb":{"runtime":1526},"step":999,"train_loss":7.364842414855957}