{"_runtime":2229.467266,"_step":999,"val_loss":3.356262683868408,"_wandb":{"runtime":2229},"step":999,"train_loss":3.0013885498046875,"wall_time":2226.7742269039154,"_timestamp":1.75356166041829e+09}