{"_runtime":1094.037346,"val_loss":3.1721086502075195,"_wandb":{"runtime":1094},"_step":999,"step":999,"train_loss":3.316915988922119,"wall_time":1092.462110042572,"_timestamp":1.7536577587397819e+09}