{"_wandb":{"runtime":1},"_step":10,"step":9,"val_loss":9.656801223754883,"_timestamp":1.7547532226219628e+09,"_runtime":1.412030023,"train_loss":6.132941246032715,"wall_time":0.910341739654541}