{"_timestamp":1.754753039614664e+09,"_runtime":1.341650174,"_step":10,"step":9,"val_loss":10.370635032653809,"wall_time":0.7891523838043213,"train_loss":10.314263343811035,"_wandb":{"runtime":1}}