{"_runtime":2049.805258,"_step":999,"step":999,"train_loss":2.963372230529785,"val_loss":3.0395474433898926,"_wandb":{"runtime":2049},"wall_time":2047.724396944046,"_timestamp":1.753639277295066e+09}