{"performance/step_time":0.03245806694030762,"_wandb":{"runtime":24},"data/tokens_processed":1024000,"val/loss":4.4202165603637695,"val/perplexity":83.11428266881059,"performance/wall_time":23.49739694595337,"optimization/grad_norm":3.397362470626831,"samples/generated_text":{"path":"media/html/samples/generated_text_459_4e411c356fa5fca1fca8.html","_type":"html-file","sha256":"4e411c356fa5fca1fca8a995d21fa6ba62d91f2710f4b7699d00823b1cd5679e","size":405},"train/perplexity":79.41688766893905,"performance/tokens_per_sec":63096.79512850836,"train/loss":4.374711036682129,"_runtime":23.976430872,"optimization/learning_rate":7.484999999999999e-05,"_timestamp":1.7547547952876015e+09,"_step":509}