{"_wandb":{"runtime":21},"samples/generated_text":{"sha256":"c4d08cc1ac190fb33533efc7cf0b1ab359a22f61b89d6c36e2eda533fabd5241","size":348,"path":"media/html/samples/generated_text_459_c4d08cc1ac190fb33533.html","_type":"html-file"},"optimization/learning_rate":7.484999999999999e-05,"performance/step_time":0.032558441162109375,"_timestamp":1.7547548999490116e+09,"_runtime":21.133683624,"data/tokens_processed":4096000,"val/perplexity":67.89023229545805,"train/loss":3.992802619934082,"performance/tokens_per_sec":251609.09759812537,"val/loss":4.217892169952393,"_step":509,"performance/wall_time":20.68091654777527,"optimization/grad_norm":2.2208383083343506,"train/perplexity":54.206597164142885}