{"step": 466, "val_loss": 3.5918116569519043, "_timestamp": 1754613180.4452, "_runtime": 239.58835005760193, "_step": 471, "train_loss": 3.2239341735839844, "wall_time": 239.20963788032532}