{"data/tokens_processed":20480,"_runtime":1.4140594499999999,"train/loss":10.392029762268066,"val/loss":10.396392822265625,"optimization/learning_rate":1.3499999999999998e-06,"val/perplexity":22026.465794806718,"performance/wall_time":0.8516991138458252,"optimization/grad_norm":1.0014547109603882,"performance/tokens_per_sec":61739.01656688205,"_wandb":{"runtime":1},"_step":10,"performance/step_time":0.033171892166137695,"val/loss_improvement":0,"_timestamp":1.7547540047074862e+09,"step":9,"samples/generated_text":{"_type":"html-file","sha256":"fd2f75465d1708ba85d968ecb001bae06963c9fb34fec3ac3217dbec76a13df6","size":409,"path":"media/html/samples/generated_text_0_fd2f75465d1708ba85d9.html"},"train/perplexity":22026.465794806718}