{"step":9,"val_loss":10.089406967163086,"_timestamp":1.7547530602694356e+09,"_runtime":1.319910968,"_step":10,"train_loss":6.137038707733154,"wall_time":0.8599445819854736,"_wandb":{"runtime":1}}