{"step": 397, "train_loss": 3.969893455505371, "wall_time": 184.9928116798401, "_timestamp": 1754609654.2130141, "_runtime": 185.58567214012146, "_step": 397, "val_loss": 3.5244293212890625}