{"val_loss":9.985702514648438,"_timestamp":1.7547531804261584e+09,"train_loss":7.380856037139893,"wall_time":0.7662138938903809,"_wandb":{"runtime":1},"_runtime":1.309686578,"_step":10,"step":9}