{"_timestamp":1.754754420569321e+09,"train/loss":3.3342928886413574,"_runtime":46.413645913,"performance/step_time":0.0456697940826416,"train/perplexity":28.0585356981236,"val/loss":3.7296900749206543,"_step":1009,"optimization/learning_rate":0.00014984999999999998,"samples/generated_text":{"size":358,"path":"media/html/samples/generated_text_909_9057de28eb03c384e811.html","_type":"html-file","sha256":"9057de28eb03c384e8119555834df7ee8b064c4f699a89bdde934d1e5a411f5f"},"val/perplexity":41.66619276463097,"data/tokens_processed":2048000,"_wandb":{"runtime":46},"step":999,"performance/tokens_per_sec":44843.644275996725,"val/loss_improvement":0,"performance/wall_time":45.92137145996094,"optimization/grad_norm":3.0405211448669434}