{"_runtime":1.310565804,"_step":10,"train_loss":6.097635269165039,"wall_time":0.8793768882751465,"_wandb":{"runtime":1},"step":9,"val_loss":10.052732467651367,"_timestamp":1.7547531078478405e+09}