{"wall_time":412.32741618156433,"_timestamp":1.754604979312112e+09,"_runtime":412.911144,"_step":999,"step":999,"val_loss":2.6763551235198975,"_wandb":{"runtime":413},"train_loss":2.4735965728759766}