{"step": 999, "train_loss": 2.6216354370117188, "wall_time": 480.51321601867676, "_timestamp": 1754611095.140564, "_runtime": 481.0444610118866, "_step": 999, "val_loss": 2.579935312271118, "_wandb": {"runtime": 480}}