{"_timestamp":1.753598271940207e+09,"_runtime":1004.569269,"_step":999,"step":999,"val_loss":2.5766661167144775,"_wandb":{"runtime":1004},"train_loss":2.7119154930114746,"wall_time":1003.4229769706726}