{"step":999,"train_loss":2.6567153930664062,"wall_time":1245.8011877536774,"_timestamp":1.753656657479064e+09,"_runtime":1247.372375,"_step":999,"val_loss":2.4427127838134766,"_wandb":{"runtime":1247}}