{"_runtime":1024.296666,"_step":999,"step":999,"train_loss":2.69527006149292,"wall_time":1023.2003126144409,"_timestamp":1.7535962131267588e+09,"val_loss":2.5620005130767822,"_wandb":{"runtime":1024}}