{"train/perplexity":60.53472243429893,"train/loss":4.103217124938965,"_timestamp":1.7547554236365476e+09,"val/loss":4.340285778045654,"val/perplexity":76.72946380159057,"final_train_loss":4.103217124938965,"performance/wall_time":21.003265857696533,"performance/tokens_per_sec":59678.84748777234,"optimization/learning_rate":7.484999999999999e-05,"_wandb":{"runtime":21},"_runtime":21.406114829,"val_loss":4.068851947784424,"data/tokens_processed":1024000,"final_val_loss":4.068851947784424,"samples/generated_text":{"sha256":"de2412f68254be7ce2906cf19c0c7c1b5e7aa5aabe9bf09fd47dee0a5f81bc5f","size":334,"path":"media/html/samples/generated_text_459_de2412f68254be7ce290.html","_type":"html-file"},"_step":509,"optimization/grad_norm":3.2385408878326416,"performance/step_time":0.0343170166015625}