{"val_loss":4.019796371459961,"train/perplexity":60.5583965304746,"_runtime":24.771882931,"performance/tokens_per_sec":197484.51532585768,"val/loss":4.164178848266602,"data/tokens_processed":4096000,"samples/generated_text":{"_type":"html-file","sha256":"a297e99729731bf6d3e27b33e61428f56ffe7eacbee233c33146573155d8465d","size":362,"path":"media/html/samples/generated_text_459_a297e99729731bf6d3e2.html"},"performance/step_time":0.041481733322143555,"performance/wall_time":24.206425189971924,"final_val_loss":4.019796371459961,"_step":509,"_timestamp":1.7547553964022658e+09,"val/perplexity":64.33982798439105,"train/loss":4.103608131408691,"optimization/grad_norm":1.8148001432418823,"optimization/learning_rate":7.484999999999999e-05,"_wandb":{"runtime":24},"final_train_loss":4.103608131408691}