{"_timestamp":1.753579855651383e+09,"_runtime":2284.360881,"_step":999,"val_loss":3.129934310913086,"_wandb":{"runtime":2284},"step":999,"train_loss":3.3133792877197266,"wall_time":2282.6160850524902}