{"train/perplexity":22026.465794806718,"_runtime":1.2896617510000001,"performance/tokens_per_sec":61382.98264970702,"val/perplexity":22026.465794806718,"performance/wall_time":0.8687577247619629,"_timestamp":1.7547539943739324e+09,"data/tokens_processed":20480,"optimization/learning_rate":1.3499999999999998e-06,"train/loss":10.389670372009277,"optimization/grad_norm":1.0662094354629517,"val/loss_improvement":0,"step":9,"_wandb":{"runtime":1},"val/loss":10.387003898620605,"performance/step_time":0.033364295959472656,"_step":10,"samples/generated_text":{"sha256":"d99d6fa9506525dc1668b950a0f19221f2c6eae721d0aa15acdbd99823bb3aa2","size":443,"path":"media/html/samples/generated_text_0_d99d6fa9506525dc1668.html","_type":"html-file"}}