{"train/loss":10.37874984741211,"train/perplexity":22026.465794806718,"performance/wall_time":2.0979998111724854,"optimization/grad_norm":1.0665510892868042,"data/tokens_processed":20480,"val/perplexity":22026.465794806718,"step":9,"performance/tokens_per_sec":83373.94900464917,"optimization/learning_rate":1.3499999999999998e-06,"val/loss":10.386873245239258,"_step":10,"_timestamp":1.7547539179959404e+09,"samples/generated_text":{"_type":"html-file","sha256":"f4ada90c98d027c7171bab8b0613292a4772936f2a9fb0ba805d9e785c739d5b","size":438,"path":"media/html/samples/generated_text_0_f4ada90c98d027c7171b.html"},"_runtime":2.834653408,"performance/step_time":0.024564027786254883,"_wandb":{"runtime":2},"val/loss_improvement":0}