{"data/tokens_processed":1024000,"performance/wall_time":20.92566180229187,"performance/step_time":0.025838136672973633,"_runtime":21.51417887,"val/loss":4.584731578826904,"_wandb":{"runtime":21},"train/perplexity":82.53821626795106,"optimization/learning_rate":7.484999999999999e-05,"train/loss":4.413261413574219,"_timestamp":1.7547548749678223e+09,"optimization/grad_norm":3.9769206047058105,"samples/generated_text":{"path":"media/html/samples/generated_text_459_1c35ac58fecdc9318668.html","_type":"html-file","sha256":"1c35ac58fecdc93186687114e1c25827c8a36571608e3fdceb20f953e14d59ea","size":346},"val/perplexity":97.97688454189425,"_step":509,"performance/tokens_per_sec":79262.68159043304}