{"step": 51, "val_loss": 8.001527786254883, "_timestamp": 1754614173.964182, "_runtime": 40.36113500595093, "_step": 52, "train_loss": 15.958463668823242, "wall_time": 39.796820878982544}