{"train/loss":3.0167698860168457,"performance/tokens_per_sec":181048.4575354881,"optimization/learning_rate":0.00014984999999999998,"_step":1019,"final_val_loss":2.7907142639160156,"val_loss":2.7907142639160156,"performance/wall_time":59.34221029281616,"samples/generated_text":{"_type":"html-file","sha256":"3f284a16dee2674655117708218dc41f36e545538e1d18967461e3dee2b2c2ed","size":358,"path":"media/html/samples/generated_text_969_3f284a16dee267465511.html"},"final_train_loss":3.0167698860168457,"optimization/grad_norm":1.8008956909179688,"_wandb":{"runtime":59},"val/loss":2.925234317779541,"train/perplexity":20.425209260727627,"performance/step_time":0.045247554779052734,"_runtime":59.825779113,"val/perplexity":18.63859289196487,"data/tokens_processed":8192000,"_timestamp":1.7547569343790731e+09}