{"train/loss":4.0537004470825195,"performance/wall_time":23.982704877853394,"train/perplexity":57.61024676364379,"samples/generated_text":{"sha256":"f0a497ddbb2c5248654f1f07475d87597137919a0501458cdf549050e96b5181","size":377,"path":"media/html/samples/generated_text_459_f0a497ddbb2c5248654f.html","_type":"html-file"},"val/perplexity":71.59796599338098,"data/tokens_processed":2048000,"_step":509,"optimization/grad_norm":2.861204147338867,"optimization/learning_rate":7.484999999999999e-05,"_timestamp":1.754754928383157e+09,"val/loss":4.271066665649414,"_wandb":{"runtime":24},"performance/tokens_per_sec":102422.07507034864,"performance/step_time":0.03999137878417969,"_runtime":24.512161777}