{"step":999,"train_loss":2.5042519569396973,"wall_time":1247.5821390151978,"_wandb":{"runtime":1245},"_timestamp":1.753504833018615e+09,"_runtime":1244.800934,"_step":999}