{"_timestamp":1.7547530716359825e+09,"_runtime":1.3793213579999999,"train_loss":6.608609199523926,"wall_time":0.8367531299591064,"_wandb":{"runtime":1},"_step":10,"step":9,"val_loss":10.178792953491211}