{"step":9,"train/loss":10.392694473266602,"train/perplexity":22026.465794806718,"performance/step_time":0.03291058540344238,"_wandb":{"runtime":1},"_runtime":1.413172219,"_step":10,"optimization/learning_rate":1.3499999999999998e-06,"val/perplexity":22026.465794806718,"performance/tokens_per_sec":62229.2181951216,"val/loss":10.391782760620117,"data/tokens_processed":20480,"samples/generated_text":{"path":"media/html/samples/generated_text_0_1f828ecb01c570c1cc4d.html","_type":"html-file","sha256":"1f828ecb01c570c1cc4d94d59bd6f8f1b3492d63428651d40f2d600680c0f7cd","size":466},"_timestamp":1.7547539427735198e+09,"optimization/grad_norm":1.1547584533691406,"performance/wall_time":0.8227665424346924,"val/loss_improvement":0}