{"performance/wall_time":23.951252460479736,"_runtime":24.405342761,"data/tokens_processed":4096000,"final_val_loss":3.9852163791656494,"samples/generated_text":{"sha256":"79af0dac6acc684c19449356349d61c0cb8d5779e393d1f3bf09d19d27418acc","size":335,"path":"media/html/samples/generated_text_459_79af0dac6acc684c1944.html","_type":"html-file"},"val_loss":3.9852163791656494,"_wandb":{"runtime":24},"val/perplexity":63.19634285486814,"_timestamp":1.7547558435896268e+09,"train/loss":3.9641313552856445,"val/loss":4.146246433258057,"train/perplexity":52.67449409041675,"optimization/learning_rate":7.484999999999999e-05,"performance/step_time":0.0402674674987793,"performance/tokens_per_sec":203439.6625575805,"optimization/grad_norm":1.8286470174789429,"final_train_loss":3.9641313552856445,"_step":509}