{"val/loss":3.52200984954834,"data/tokens_processed":2048000,"optimization/learning_rate":0.00014984999999999998,"train/loss":3.7244462966918945,"_runtime":45.961800453,"val/perplexity":33.85239836389466,"_wandb":{"runtime":46},"samples/generated_text":{"sha256":"3d712ff0999e53d3c113122ec5be657b2128df8bbc724df85b8f4a231de76b89","size":336,"path":"media/html/samples/generated_text_909_3d712ff0999e53d3c113.html","_type":"html-file"},"train/perplexity":41.44827634217329,"step":999,"_step":1009,"performance/step_time":0.04030776023864746,"performance/tokens_per_sec":50809.0746763041,"val/loss_improvement":0,"_timestamp":1.7547543238453977e+09,"performance/wall_time":45.45122003555298,"optimization/grad_norm":3.517354965209961}