{"val_loss":3.0066890716552734,"_wandb":{"runtime":2494},"_runtime":2494.761632,"_step":999,"step":999,"train_loss":3.0615487098693848,"wall_time":2492.6960859298706,"_timestamp":1.7535528186659358e+09}