{"wall_time":0.9250690937042236,"_wandb":{"runtime":1},"val_loss":10.383888244628906,"_timestamp":1.754753242286952e+09,"_runtime":1.373372119,"_step":10,"step":9,"train_loss":10.361187934875488}