{"train/loss":4.411909103393555,"final_val_loss":4.371338844299316,"train/perplexity":82.42667443437504,"val/perplexity":93.81131848007983,"val/loss":4.541285514831543,"performance/tokens_per_sec":53123.319966851785,"final_train_loss":4.411909103393555,"performance/wall_time":23.253422737121582,"_step":509,"samples/generated_text":{"_type":"html-file","sha256":"40152eea501554e6beb30b04f72a834119d65e10727e904a1e5e6852d4ceacea","size":366,"path":"media/html/samples/generated_text_459_40152eea501554e6beb3.html"},"_wandb":{"runtime":24},"data/tokens_processed":1024000,"val_loss":4.371338844299316,"optimization/learning_rate":7.484999999999999e-05,"performance/step_time":0.03855180740356445,"optimization/grad_norm":3.2156403064727783,"_runtime":24.153426931,"_timestamp":1.754755533031418e+09}