{"_timestamp":1.7547541765505183e+09,"_step":1009,"_runtime":45.541331641,"train/loss":3.2016992568969727,"val/loss":3.706472873687744,"_wandb":{"runtime":45},"performance/wall_time":45.025073289871216,"performance/tokens_per_sec":45387.91156951431,"optimization/learning_rate":0.00014984999999999998,"train/perplexity":24.5742527068388,"performance/step_time":0.04512214660644531,"val/perplexity":40.70996381586308,"val/loss_improvement":0,"optimization/grad_norm":3.0612661838531494,"samples/generated_text":{"size":338,"path":"media/html/samples/generated_text_909_1c50fbfe32fb24494a46.html","_type":"html-file","sha256":"1c50fbfe32fb24494a46ad16888d257916f1299be2456431b09aac436a16f259"},"step":999,"data/tokens_processed":2048000}