{"val_loss":4.128466606140137,"optimization/learning_rate":7.484999999999999e-05,"performance/step_time":0.039373159408569336,"samples/generated_text":{"path":"media/html/samples/generated_text_459_1bf875c54e77a2ab5ea9.html","_type":"html-file","sha256":"1bf875c54e77a2ab5ea96257e6a1c6c8b45f6473e8bcc6e6e787d927ca926fa6","size":368},"data/tokens_processed":2048000,"val/perplexity":74.45159575458041,"performance/wall_time":22.676517963409424,"_runtime":23.252131888,"val/loss":4.310149192810059,"performance/tokens_per_sec":104030.25973852964,"final_train_loss":4.08443546295166,"_timestamp":1.754755344137015e+09,"train/loss":4.08443546295166,"_step":509,"_wandb":{"runtime":23},"optimization/grad_norm":2.679286003112793,"train/perplexity":59.40839004551055,"final_val_loss":4.128466606140137}