{"performance/wall_time":0.854503870010376,"_step":10,"val/perplexity":22026.465794806718,"train/perplexity":22026.465794806718,"optimization/learning_rate":1.3499999999999998e-06,"step":9,"val/loss":10.388132095336914,"_timestamp":1.754753983962406e+09,"optimization/grad_norm":1.1015872955322266,"_runtime":1.349772058,"performance/tokens_per_sec":70573.0061700502,"data/tokens_processed":20480,"val/loss_improvement":0,"_wandb":{"runtime":1},"samples/generated_text":{"size":466,"path":"media/html/samples/generated_text_0_660f76ca932a0752cbff.html","_type":"html-file","sha256":"660f76ca932a0752cbff03be6e596e736aa6d0fe5d3c372030937938d5136918"},"performance/step_time":0.029019594192504883,"train/loss":10.391419410705566}