{"step": 9, "val_loss": 9.266186714172363, "_timestamp": 1754614351.414669, "_runtime": 5.715659141540527, "_step": 10, "train_loss": 9.219339370727539, "wall_time": 5.253284692764282, "_wandb": {"runtime": 5}}