{"train/perplexity":57.188501949562514,"train/loss":4.046352863311768,"samples/generated_text":{"path":"media/html/samples/generated_text_459_33e4341d1dbf4312a714.html","_type":"html-file","sha256":"33e4341d1dbf4312a71423904595d005e4ed477ffcbbbbbf51fcdf4e25e2b671","size":351},"_runtime":23.779281803,"optimization/learning_rate":7.484999999999999e-05,"val_loss":4.038263320922852,"data/tokens_processed":4096000,"val/loss":4.1447858810424805,"performance/wall_time":23.29539132118225,"_wandb":{"runtime":23},"_step":509,"val/perplexity":63.10410866911359,"final_train_loss":4.046352863311768,"_timestamp":1.754755477314409e+09,"final_val_loss":4.038263320922852,"performance/tokens_per_sec":202180.33003424617,"performance/step_time":0.04051828384399414,"optimization/grad_norm":2.307011365890503}