{"step": 303, "train_loss": 3.534818649291992, "wall_time": 527.3330647945404, "_timestamp": 1754607814.300405, "_runtime": 529.4391491413116, "_step": 303, "val_loss": 3.552880048751831}