{"train_loss":2.691987991333008,"wall_time":3173.9630126953125,"val_loss":2.5719361305236816,"_wandb":{"runtime":3178},"_timestamp":1.753644717886464e+09,"_runtime":3178.850758,"_step":999,"step":999}