{"_step":999,"step":999,"train_loss":2.9646332263946533,"wall_time":2653.3158419132233,"val_loss":2.8144099712371826,"_wandb":{"runtime":2655},"_timestamp":1.7535752761361651e+09,"_runtime":2655.525002}