{"performance/tokens_per_sec":50092.04756156587,"val/loss_improvement":0,"train/perplexity":36.40236764329177,"val/loss":3.7564306259155273,"samples/generated_text":{"_type":"html-file","sha256":"919f693f4d64b7e6202bd4d4aea4951fd633cbc2c53b931894d88fc5d34dc87a","size":347,"path":"media/html/samples/generated_text_909_919f693f4d64b7e6202b.html"},"_wandb":{"runtime":46},"_runtime":46.876881824,"val/perplexity":42.7954002456164,"performance/step_time":0.04088473320007324,"data/tokens_processed":2048000,"_timestamp":1.7547541271624162e+09,"step":999,"train/loss":3.5946338176727295,"performance/wall_time":46.1458637714386,"optimization/grad_norm":3.311788558959961,"_step":1009,"optimization/learning_rate":0.00014984999999999998}