{"wall_time":4570.270983219147,"_timestamp":1.753663436456434e+09,"val_loss":3.1110875606536865,"_wandb":{"runtime":4572},"_runtime":4572.894453,"_step":999,"step":999,"train_loss":3.0914382934570312}