{"performance/tokens_per_sec":61873.76353814017,"samples/generated_text":{"_type":"html-file","sha256":"f55b8dd8e8061967d4a255223188d989d90ee83d39bd10969ab78f8ae7de9dce","size":441,"path":"media/html/samples/generated_text_0_f55b8dd8e8061967d4a2.html"},"_runtime":1.323408977,"val/perplexity":22026.465794806718,"train/loss":10.398048400878906,"step":9,"_timestamp":1.7547539685522995e+09,"performance/step_time":0.03309965133666992,"val/loss":10.39510726928711,"optimization/grad_norm":0.9585868716239929,"data/tokens_processed":20480,"optimization/learning_rate":1.3499999999999998e-06,"train/perplexity":22026.465794806718,"_wandb":{"runtime":1},"_step":10,"performance/wall_time":0.839038610458374,"val/loss_improvement":0}