{"step": 9, "val_loss": 9.20018196105957, "_timestamp": 1754614437.5129821, "_runtime": 7.356200218200684, "_step": 10, "train_loss": 8.878110885620117, "wall_time": 6.935050010681152, "_wandb": {"runtime": 7}}