{"_step":10,"step":9,"val_loss":10.092168807983398,"train_loss":6.049315452575684,"wall_time":0.824326753616333,"_wandb":{"runtime":1},"_timestamp":1.7547531130008628e+09,"_runtime":1.294732663}