{"samples/generated_text":{"path":"media/html/samples/generated_text_459_70f4bb7bb424c6f23b86.html","_type":"html-file","sha256":"70f4bb7bb424c6f23b860855c739ec0a3af8449bb30fad6b1dffc3985918c87a","size":316},"train/loss":4.001147270202637,"final_train_loss":4.001147270202637,"val/loss":4.104493141174316,"_step":509,"optimization/grad_norm":2.0718727111816406,"train/perplexity":54.66082480937344,"_timestamp":1.754755292930677e+09,"_runtime":23.660194117,"_wandb":{"runtime":23},"performance/wall_time":23.073431730270386,"val_loss":3.917067050933838,"performance/tokens_per_sec":220437.0175850543,"final_val_loss":3.917067050933838,"optimization/learning_rate":7.484999999999999e-05,"val/perplexity":60.612015025740945,"performance/step_time":0.03716254234313965,"data/tokens_processed":4096000}