{"_runtime":1.340190826,"train_loss":6.3723649978637695,"wall_time":0.8434004783630371,"_wandb":{"runtime":1},"_step":10,"step":9,"val_loss":10.166817665100098,"_timestamp":1.7547531235427346e+09}