{"_timestamp":1.7547530188132858e+09,"_runtime":1.414646381,"_step":10,"train_loss":10.36248779296875,"wall_time":0.9640505313873291,"_wandb":{"runtime":1},"step":9,"val_loss":10.38914966583252}