{"optimization/grad_norm":3.395699977874756,"_step":1009,"train/perplexity":32.59435016746574,"_wandb":{"runtime":45},"performance/step_time":0.04071307182312012,"val/loss":3.6247406005859375,"optimization/learning_rate":0.00014984999999999998,"val/loss_improvement":0,"performance/wall_time":45.280179023742676,"performance/tokens_per_sec":50303.25417098552,"step":999,"_runtime":45.770227783,"data/tokens_processed":2048000,"_timestamp":1.75475462334981e+09,"val/perplexity":37.51499053077422,"samples/generated_text":{"path":"media/html/samples/generated_text_909_b56a8ac9265e7f3ce8e5.html","_type":"html-file","sha256":"b56a8ac9265e7f3ce8e5793af3d9706050e492f36d425b38ab2dbade51dcc013","size":337},"train/loss":3.4841389656066895}