{"val_loss":2.477701425552368,"_wandb":{"runtime":1079},"step":999,"train_loss":2.6391358375549316,"wall_time":1077.1688690185547,"_timestamp":1.753658850822072e+09,"_runtime":1079.330104,"_step":999}