{"train/loss":4.044402122497559,"val_loss":3.9628169536590576,"val/loss":4.202592372894287,"_wandb":{"runtime":23},"optimization/learning_rate":7.484999999999999e-05,"performance/wall_time":22.734149932861328,"val/perplexity":66.85943115101,"samples/generated_text":{"sha256":"650835994fdb55f34d58c3f94e571c4bbee0d4f34161b105d85389495618abd7","size":346,"path":"media/html/samples/generated_text_459_650835994fdb55f34d58.html","_type":"html-file"},"final_train_loss":4.044402122497559,"_timestamp":1.7547559279634519e+09,"train/perplexity":57.077050746254514,"_step":509,"_runtime":23.227354233,"performance/step_time":0.03996396064758301,"data/tokens_processed":4096000,"optimization/grad_norm":1.9263858795166016,"final_val_loss":3.9628169536590576,"performance/tokens_per_sec":204984.68788516952}