{"train/loss":10.376279830932617,"optimization/learning_rate":1.3499999999999998e-06,"val/perplexity":22026.465794806718,"_timestamp":1.7547539892439983e+09,"data/tokens_processed":20480,"_wandb":{"runtime":1},"samples/generated_text":{"path":"media/html/samples/generated_text_0_4da793696af61da45b19.html","_type":"html-file","sha256":"4da793696af61da45b19ae085f508e386a490137cae44f6c4e8c6e6ed4ec3ce4","size":424},"performance/tokens_per_sec":62078.560633654204,"val/loss":10.384456634521484,"train/perplexity":22026.465794806718,"performance/wall_time":0.8746747970581055,"_step":10,"val/loss_improvement":0,"_runtime":1.489495971,"step":9,"optimization/grad_norm":1.1299490928649902,"performance/step_time":0.032990455627441406}