{"data/tokens_processed":4096000,"_step":509,"optimization/grad_norm":2.2041492462158203,"_wandb":{"runtime":24},"performance/step_time":0.04382777214050293,"_timestamp":1.7547548475588582e+09,"val/perplexity":67.63484095735008,"performance/wall_time":24.214013814926147,"optimization/learning_rate":7.484999999999999e-05,"samples/generated_text":{"path":"media/html/samples/generated_text_459_01d82234d7747b61b053.html","_type":"html-file","sha256":"01d82234d7747b61b053491895e78fda607162a7db8c6088953c42fe5633d6d6","size":327},"train/loss":3.977130889892578,"_runtime":24.704571658,"train/perplexity":53.36370802372941,"val/loss":4.214123249053955,"performance/tokens_per_sec":186913.4477960256}