{"optimization/grad_norm":3.4341607093811035,"val_loss":4.350730895996094,"final_train_loss":4.148848533630371,"_wandb":{"runtime":23},"performance/wall_time":23.0098819732666,"data/tokens_processed":1024000,"_timestamp":1.7547559028923452e+09,"train/perplexity":63.36100021672411,"train/loss":4.148848533630371,"_runtime":23.513668025,"_step":509,"performance/tokens_per_sec":51235.16818265864,"optimization/learning_rate":7.484999999999999e-05,"performance/step_time":0.039972543716430664,"val/loss":4.364178657531738,"val/perplexity":78.58482837081819,"samples/generated_text":{"size":415,"path":"media/html/samples/generated_text_459_9edad1b2fce786638852.html","_type":"html-file","sha256":"9edad1b2fce7866388521088585dd659b32e1c2ce0faa2c4856c960605ce5e85"},"final_val_loss":4.350730895996094}