{"step":9,"val_loss":9.935638427734375,"_timestamp":1.75475315468044e+09,"train_loss":5.89503812789917,"wall_time":0.8959643840789795,"_wandb":{"runtime":1},"_runtime":1.37776627,"_step":10}