{"performance/wall_time":0.90907883644104,"data/tokens_processed":20480,"_runtime":1.377311605,"val/loss":10.388985633850098,"train/perplexity":22026.465794806718,"samples/generated_text":{"_type":"html-file","sha256":"b0b0d782f5539b2fdcdc5d476a3007ed590e2086d111b0c1f80ffd044f89192b","size":461,"path":"media/html/samples/generated_text_0_b0b0d782f5539b2fdcdc.html"},"performance/tokens_per_sec":59841.82266064761,"_wandb":{"runtime":1},"_timestamp":1.754753926300127e+09,"performance/step_time":0.03422355651855469,"val/loss_improvement":0,"step":9,"_step":10,"train/loss":10.39793586730957,"val/perplexity":22026.465794806718,"optimization/learning_rate":1.3499999999999998e-06,"optimization/grad_norm":1.0983002185821533}