{"_timestamp":1.7547553190054429e+09,"data/tokens_processed":1024000,"_runtime":23.194521765,"final_val_loss":4.229041576385498,"train/loss":4.406740188598633,"samples/generated_text":{"sha256":"cf4a36b5a4f4478cc9fa3c40e12a6ba06581de8046ee0e67adcc1e0eee3d5a80","size":348,"path":"media/html/samples/generated_text_459_cf4a36b5a4f4478cc9fa.html","_type":"html-file"},"performance/tokens_per_sec":52815.308513843374,"train/perplexity":82.00171720739938,"final_train_loss":4.406740188598633,"performance/step_time":0.03877663612365723,"val/loss":4.2462077140808105,"_wandb":{"runtime":23},"val_loss":4.229041576385498,"optimization/learning_rate":7.484999999999999e-05,"val/perplexity":69.84005605007704,"performance/wall_time":22.725130558013916,"_step":509,"optimization/grad_norm":3.1271748542785645}