{"_wandb":{"runtime":24},"_step":509,"train/loss":4.04478645324707,"train/perplexity":57.09899142791698,"final_val_loss":3.9391825199127197,"_runtime":24.04282693,"performance/tokens_per_sec":203349.36211967876,"samples/generated_text":{"size":332,"path":"media/html/samples/generated_text_459_94bc29c3b224cfb51316.html","_type":"html-file","sha256":"94bc29c3b224cfb51316c786a3dfde6b72a4b525dde4749d11ab1ac9184870fa"},"val_loss":3.9391825199127197,"val/perplexity":59.94706904918049,"optimization/grad_norm":2.1302061080932617,"_timestamp":1.7547551617550988e+09,"data/tokens_processed":4096000,"performance/step_time":0.040285348892211914,"optimization/learning_rate":7.484999999999999e-05,"val/loss":4.093461990356445,"performance/wall_time":23.54056429862976,"final_train_loss":4.04478645324707}