{"step": 9, "val_loss": 9.262328147888184, "_timestamp": 1754614585.435931, "_runtime": 6.691354990005493, "_step": 10, "train_loss": 9.119020462036133, "wall_time": 6.180014133453369, "_wandb": {"runtime": 6}}