{"optimization/learning_rate":7.484999999999999e-05,"train/loss":4.076118469238281,"_wandb":{"runtime":23},"_step":509,"val_loss":4.114410877227783,"train/perplexity":58.916339864465044,"_timestamp":1.7547554505921974e+09,"performance/wall_time":22.483625888824463,"data/tokens_processed":2048000,"val/perplexity":78.03714153904053,"val/loss":4.357184886932373,"final_train_loss":4.076118469238281,"_runtime":23.019007896,"final_val_loss":4.114410877227783,"samples/generated_text":{"size":326,"path":"media/html/samples/generated_text_459_93d3f3af0b451bcf6179.html","_type":"html-file","sha256":"93d3f3af0b451bcf617985ac4cb402d09b9cb1905636d9c3282b7d0e5ba8dfa6"},"performance/tokens_per_sec":102874.7002000024,"optimization/grad_norm":3.0596303939819336,"performance/step_time":0.039815425872802734}