{"step": 58, "train_loss": 6.499432563781738, "wall_time": 127.61217403411865, "_timestamp": 1754608510.30268, "_runtime": 129.87568402290344, "_step": 58}