{"wall_time":44.82137846946716,"val_loss":2.7104368209838867,"_wandb":{"runtime":46},"_timestamp":1.7547056650455248e+09,"_runtime":45.597148235,"_step":999,"step":999,"train_loss":2.541593074798584}