{"val_loss":10.389156341552734,"_timestamp":1.7547532266694798e+09,"_runtime":1.241810556,"_step":10,"train_loss":10.34391975402832,"wall_time":0.7804915904998779,"_wandb":{"runtime":1},"step":9}