{"val_loss":4.018003463745117,"final_val_loss":4.018003463745117,"performance/step_time":0.040300846099853516,"optimization/grad_norm":2.2928149700164795,"train/loss":3.9372992515563965,"optimization/learning_rate":7.484999999999999e-05,"final_train_loss":3.9372992515563965,"val/perplexity":62.380999070426384,"samples/generated_text":{"sha256":"91717b9e3781e7f98d74d0696f41a6f06bd2b81e915ff95cc8569ac521cf08c9","size":310,"path":"media/html/samples/generated_text_459_91717b9e3781e7f98d74.html","_type":"html-file"},"performance/wall_time":24.123190879821777,"_runtime":24.701683808,"_timestamp":1.7547551973591044e+09,"_wandb":{"runtime":24},"_step":509,"data/tokens_processed":4096000,"train/perplexity":51.279919949109875,"val/loss":4.133260726928711,"performance/tokens_per_sec":203271.16655820722}