{"_runtime":3884.376682,"_step":999,"step":999,"val_loss":2.638059616088867,"_wandb":{"runtime":3884},"train_loss":2.863255023956299,"wall_time":3882.703369140625,"_timestamp":1.7535695428829818e+09}