{"_timestamp":1.753565655370306e+09,"_runtime":1835.053923,"_step":999,"val_loss":3.1026954650878906,"_wandb":{"runtime":1835},"step":999,"train_loss":3.122453212738037,"wall_time":1833.1193821430206}