{"_runtime":1.381018297,"_step":10,"train_loss":10.350152969360352,"wall_time":0.8141186237335205,"_wandb":{"runtime":1},"step":9,"val_loss":10.399927139282227,"_timestamp":1.7547531650764942e+09}