{"performance/tokens_per_sec":198101.63664562252,"_wandb":{"runtime":24},"samples/generated_text":{"path":"media/html/samples/generated_text_459_c3dcb61135bac80c5b35.html","_type":"html-file","sha256":"c3dcb61135bac80c5b35666c3d480fd65f312cf682e218c5fcd17ea2611fec74","size":366},"performance/wall_time":24.07466697692871,"optimization/learning_rate":7.484999999999999e-05,"val/loss":4.16539192199707,"train/loss":3.9608445167541504,"_step":509,"train/perplexity":52.50164575151473,"val/perplexity":64.41792429825833,"data/tokens_processed":4096000,"_timestamp":1.754754735776846e+09,"performance/step_time":0.04135251045227051,"_runtime":24.810921501,"optimization/grad_norm":1.8979400396347046}