{"val_loss":4.228941440582275,"val/loss":4.322854042053223,"_timestamp":1.754755674675224e+09,"performance/wall_time":22.901533365249634,"data/tokens_processed":1024000,"performance/tokens_per_sec":53297.02360846554,"optimization/grad_norm":3.3231289386749268,"_step":509,"_wandb":{"runtime":23},"train/perplexity":64.33614653523092,"val/perplexity":75.4035263172212,"optimization/learning_rate":7.484999999999999e-05,"_runtime":23.412016563999998,"final_val_loss":4.228941440582275,"performance/step_time":0.03842616081237793,"samples/generated_text":{"size":333,"path":"media/html/samples/generated_text_459_fdebfb502ec8fb0188b9.html","_type":"html-file","sha256":"fdebfb502ec8fb0188b940517615a99ceee1ab468efbdf95fc90f5c86731431c"},"train/loss":4.164121627807617,"final_train_loss":4.164121627807617}