{"val_loss":9.031739234924316,"_timestamp":1.7547531286465223e+09,"_runtime":1.310628598,"_step":10,"train_loss":6.703821659088135,"wall_time":0.7817730903625488,"_wandb":{"runtime":1},"step":9}