{"_step":999,"step":999,"val_loss":3.227189540863037,"_wandb":{"runtime":1806},"train_loss":2.764944076538086,"wall_time":1794.216812133789,"_timestamp":1.753586612552754e+09,"_runtime":1806.386217}