{"step": 9, "val_loss": 8.205976486206055, "_timestamp": 1754614623.028499, "_runtime": 11.511389970779419, "_step": 10, "train_loss": 5.745633125305176, "wall_time": 11.070049047470093, "_wandb": {"runtime": 11}}