{"_timestamp":1.7547530103443458e+09,"_runtime":3.037553196,"_step":10,"train_loss":5.821274280548096,"wall_time":2.244764566421509,"_wandb":{"runtime":3},"step":9,"val_loss":9.796390533447266}