{"train/perplexity":67.32500978635966,"val/perplexity":87.22193011786153,"final_train_loss":4.209531784057617,"_timestamp":1.7547555887237022e+09,"optimization/learning_rate":7.484999999999999e-05,"_step":509,"data/tokens_processed":2048000,"optimization/grad_norm":2.8289411067962646,"final_val_loss":4.153116226196289,"performance/tokens_per_sec":101459.71513107774,"val_loss":4.153116226196289,"samples/generated_text":{"size":327,"path":"media/html/samples/generated_text_459_2a46058439441ac0f538.html","_type":"html-file","sha256":"2a46058439441ac0f53842d5c6e66219974cd718606fcdcf3f1afba2aecc37af"},"_runtime":23.870074031,"train/loss":4.209531784057617,"_wandb":{"runtime":23},"performance/step_time":0.04037070274353027,"val/loss":4.468455791473389,"performance/wall_time":23.386057376861572}