{"val/loss":10.380952835083008,"performance/step_time":0.03292417526245117,"samples/generated_text":{"size":412,"path":"media/html/samples/generated_text_0_db45482bca14a1c52818.html","_type":"html-file","sha256":"db45482bca14a1c528185b3411c320dbfb59bab02b15b852f8353e39cb3590ee"},"optimization/grad_norm":1.013485074043274,"_step":10,"train/loss":10.390077590942383,"val/loss_improvement":0,"step":9,"_timestamp":1.7547539315265644e+09,"performance/wall_time":0.839869499206543,"performance/tokens_per_sec":62203.532318565616,"_wandb":{"runtime":1},"optimization/learning_rate":1.3499999999999998e-06,"data/tokens_processed":20480,"train/perplexity":22026.465794806718,"_runtime":1.375406238,"val/perplexity":22026.465794806718}