{"performance/wall_time":19.157509326934814,"data/tokens_processed":2048000,"_runtime":19.822423045,"final_val_loss":4.095499038696289,"val_loss":4.095499038696289,"optimization/learning_rate":7.484999999999999e-05,"optimization/grad_norm":2.7999274730682373,"_wandb":{"runtime":19},"val/loss":4.3173370361328125,"samples/generated_text":{"_type":"html-file","sha256":"391b784af4dae088fa0ad4f1f2bfef49f039da0dd8c4055725168f4053919df3","size":355,"path":"media/html/samples/generated_text_459_391b784af4dae088fa0a.html"},"final_train_loss":4.17045259475708,"_step":509,"val/perplexity":74.98867005060887,"train/loss":4.17045259475708,"performance/step_time":0.03941464424133301,"train/perplexity":64.74474861095078,"_timestamp":1.754755365776498e+09,"performance/tokens_per_sec":103920.76546271709}