{"step": 9, "val_loss": 8.662158966064453, "_timestamp": 1754614454.892637, "_runtime": 8.386981010437012, "_step": 10, "train_loss": 5.970630168914795, "wall_time": 7.83667516708374, "_wandb": {"runtime": 7}}