{"train_loss":2.498002290725708,"wall_time":2245.3248891830444,"_timestamp":1.753641534079821e+09,"_runtime":2250.236918,"_step":999,"val_loss":2.420969009399414,"_wandb":{"runtime":2250},"step":999}