{"wall_time":1888.5214772224426,"_timestamp":1.7536466151425102e+09,"_runtime":1890.844757,"val_loss":3.0712826251983643,"_wandb":{"runtime":1890},"_step":999,"step":999,"train_loss":3.442112684249878}