{"val_loss":10.38071060180664,"_timestamp":1.7547531027477481e+09,"_runtime":1.385824429,"_step":10,"train_loss":10.33715534210205,"wall_time":0.8097259998321533,"_wandb":{"runtime":1},"step":9}