{"val/loss":3.382223606109619,"optimization/grad_norm":3.0256731510162354,"performance/step_time":0.041329383850097656,"_runtime":43.530956768,"performance/tokens_per_sec":49553.12199736945,"step":999,"_wandb":{"runtime":43},"train/perplexity":31.684080476519046,"performance/wall_time":42.91209149360657,"val/perplexity":29.436152804005072,"train/loss":3.4558143615722656,"optimization/learning_rate":0.00014984999999999998,"_timestamp":1.7547543722791224e+09,"_step":1009,"data/tokens_processed":2048000,"samples/generated_text":{"_type":"html-file","sha256":"3047fb80ac2230ba5280678267a61a6f185bf4917fee2dc336426392ddeb04a5","size":352,"path":"media/html/samples/generated_text_909_3047fb80ac2230ba5280.html"},"val/loss_improvement":0}