{"step":999,"train_loss":2.797488212585449,"wall_time":2120.6671109199524,"val_loss":2.791363477706909,"_wandb":{"runtime":2122},"_timestamp":1.7535906714302342e+09,"_runtime":2122.91869,"_step":999}