{"train/loss":3.3817429542541504,"val/loss_improvement":0,"optimization/grad_norm":3.0329949855804443,"val/perplexity":42.70988080439319,"data/tokens_processed":2048000,"optimization/learning_rate":0.00014984999999999998,"_step":1009,"_runtime":46.221118543,"train/perplexity":29.422007662258604,"performance/step_time":0.03902029991149902,"step":999,"_wandb":{"runtime":46},"performance/wall_time":45.60239839553833,"samples/generated_text":{"_type":"html-file","sha256":"e101f9c3beaf7f2c8f099188090820b245e7aca4090a8b2236a85e64eea635c9","size":332,"path":"media/html/samples/generated_text_909_e101f9c3beaf7f2c8f09.html"},"val/loss":3.7544302940368652,"performance/tokens_per_sec":52485.501255628944,"_timestamp":1.7547545222193954e+09}