{"final_val_loss":4.323709487915039,"performance/tokens_per_sec":53040.330667918075,"optimization/learning_rate":7.484999999999999e-05,"_runtime":23.034708674,"samples/generated_text":{"path":"media/html/samples/generated_text_459_fb1556c690d83475b4ab.html","_type":"html-file","sha256":"fb1556c690d83475b4ab4eda73c067384cb16b9e347dea329e88ec687f500238","size":360},"optimization/grad_norm":3.9158854484558105,"performance/wall_time":22.479610919952393,"train/loss":4.37844705581665,"_step":509,"train/perplexity":79.71414561580657,"data/tokens_processed":1024000,"performance/step_time":0.03861212730407715,"val/perplexity":68.79972455453823,"_timestamp":1.7547551348491838e+09,"_wandb":{"runtime":23},"val/loss":4.231199741363525,"final_train_loss":4.37844705581665,"val_loss":4.323709487915039}