{"step":999,"train_loss":3.433566093444824,"wall_time":1998.2811567783356,"_timestamp":1.75365540528627e+09,"val_loss":3.1014232635498047,"_wandb":{"runtime":2000},"_runtime":2000.172819,"_step":999}