{"performance/tokens_per_sec":80066.50130027496,"_timestamp":1.754754471194286e+09,"val/perplexity":35.99183141053463,"data/tokens_processed":2048000,"performance/step_time":0.025578737258911133,"step":999,"performance/wall_time":45.23223423957825,"val/loss":3.583292007446289,"optimization/learning_rate":0.00014984999999999998,"train/loss":3.4085216522216797,"optimization/grad_norm":3.076960563659668,"val/loss_improvement":0,"train/perplexity":30.22053475902691,"_wandb":{"runtime":45},"samples/generated_text":{"path":"media/html/samples/generated_text_909_40ed9178bf114487b4d6.html","_type":"html-file","sha256":"40ed9178bf114487b4d6fe5f864541bc28e50bbcd0122ab01b931cb7302acc98","size":360},"_runtime":45.727124435,"_step":1009}