{"_step":10,"step":9,"val_loss":10.384506225585938,"_timestamp":1.7547530135489337e+09,"train_loss":10.34725570678711,"wall_time":0.8936111927032471,"_wandb":{"runtime":1},"_runtime":1.394235237}