{"val/loss":10.391603469848633,"samples/generated_text":{"sha256":"00326fb10e7c2d14686365636a4411255838000929a9dd5284a6dceded7b16bd","size":487,"path":"media/html/samples/generated_text_0_00326fb10e7c2d146863.html","_type":"html-file"},"step":9,"val/loss_improvement":0,"_timestamp":1.7547539530564466e+09,"performance/step_time":0.033086299896240234,"optimization/learning_rate":1.3499999999999998e-06,"val/perplexity":22026.465794806718,"_step":10,"_runtime":1.369350681,"_wandb":{"runtime":1},"performance/wall_time":0.8838672637939453,"performance/tokens_per_sec":61898.73169325666,"train/loss":10.398092269897461,"optimization/grad_norm":0.9989851713180542,"train/perplexity":22026.465794806718,"data/tokens_processed":20480}