{"step":9,"val_loss":10.358576774597168,"_timestamp":1.75475317536514e+09,"train_loss":10.137046813964844,"wall_time":0.8981509208679199,"_wandb":{"runtime":1},"_runtime":1.357079883,"_step":10}