{"_runtime":1.359436467,"optimization/learning_rate":1.3499999999999998e-06,"val/perplexity":22026.465794806718,"_step":10,"samples/generated_text":{"_type":"html-file","sha256":"bb9c52baf033b911fd2f411afb82f99ea63ddd0b42afd38a4d95d71e9e1e3ec2","size":437,"path":"media/html/samples/generated_text_0_bb9c52baf033b911fd2f.html"},"_wandb":{"runtime":1},"train/loss":10.387235641479492,"performance/tokens_per_sec":61892.93371857595,"val/loss_improvement":0,"step":9,"train/perplexity":22026.465794806718,"data/tokens_processed":20480,"performance/wall_time":0.8559482097625732,"performance/step_time":0.033089399337768555,"val/loss":10.388190269470215,"optimization/grad_norm":1.0749911069869995,"_timestamp":1.7547539624730234e+09}