{"step": 9, "val_loss": 9.200115203857422, "_timestamp": 1754614641.912083, "_runtime": 10.292290925979614, "_step": 10, "train_loss": 8.96246337890625, "wall_time": 8.66045594215393, "_wandb": {"runtime": 8}}