{"final_val_loss":4.226810455322266,"_wandb":{"runtime":22},"_runtime":22.576934444,"optimization/learning_rate":7.484999999999999e-05,"_step":509,"performance/wall_time":21.972100496292114,"train/perplexity":85.79371754336665,"train/loss":4.451945781707764,"performance/step_time":0.038721561431884766,"val_loss":4.226810455322266,"performance/tokens_per_sec":52890.42911150791,"final_train_loss":4.451945781707764,"data/tokens_processed":1024000,"val/loss":4.552724838256836,"_timestamp":1.7547556991531765e+09,"samples/generated_text":{"_type":"html-file","sha256":"52e464556284bb0a86fdd11a34f938ae062f3cf6bcd93c838506ad62f1cb8782","size":420,"path":"media/html/samples/generated_text_459_52e464556284bb0a86fd.html"},"optimization/grad_norm":3.241971492767334,"val/perplexity":94.89061795142334}