{"train_loss":2.5843000411987305,"wall_time":2146.1490178108215,"_timestamp":1.7535638145526521e+09,"_runtime":2148.014373,"_step":999,"val_loss":2.658295154571533,"_wandb":{"runtime":2148},"step":999}