{"val_loss":10.390754699707031,"_timestamp":1.7547531598420146e+09,"_runtime":1.387613457,"_step":10,"train_loss":10.290631294250488,"wall_time":0.9166593551635742,"_wandb":{"runtime":1},"step":9}