{"step":9,"val_loss":9.404728889465332,"_timestamp":1.7547531495392275e+09,"_runtime":1.461341557,"_step":10,"train_loss":15.333930969238281,"wall_time":0.8721356391906738,"_wandb":{"runtime":1}}