{"step": 9, "val_loss": 9.240537643432617, "_timestamp": 1754614570.4791229, "_runtime": 6.564753770828247, "_step": 10, "train_loss": 9.081049919128418, "wall_time": 6.217810153961182, "_wandb": {"runtime": 6}}