{"val/perplexity":72.32396831875128,"_wandb":{"runtime":23},"final_val_loss":4.16141414642334,"_timestamp":1.7547555069956558e+09,"train/perplexity":72.18291726434684,"val_loss":4.16141414642334,"train/loss":4.279203414916992,"samples/generated_text":{"sha256":"47c0539e7e1fd7ec8df9437e7f10302caafb59c2f77ae7829c1dad8f6c28b5b4","size":352,"path":"media/html/samples/generated_text_459_47c0539e7e1fd7ec8df9.html","_type":"html-file"},"_step":509,"final_train_loss":4.279203414916992,"performance/wall_time":23.202768087387085,"val/loss":4.281155586242676,"data/tokens_processed":1024000,"optimization/grad_norm":3.164663791656494,"performance/step_time":0.038494110107421875,"optimization/learning_rate":7.484999999999999e-05,"_runtime":23.712529301,"performance/tokens_per_sec":53202.94440590625}