{"_runtime":23.808226034,"train/perplexity":61.166390869634625,"val_loss":4.674999237060547,"samples/generated_text":{"_type":"html-file","sha256":"93074b7b4821133ff0801251824f1c88b5cef75f9bc379dc6d64d115f01736bb","size":319,"path":"media/html/samples/generated_text_459_93074b7b4821133ff080.html"},"train/loss":4.113597869873047,"optimization/grad_norm":3.803007125854492,"_wandb":{"runtime":23},"final_val_loss":4.674999237060547,"val/loss":4.318434715270996,"performance/tokens_per_sec":53310.2543396367,"performance/step_time":0.03841662406921387,"optimization/learning_rate":7.484999999999999e-05,"val/perplexity":75.07102874276318,"data/tokens_processed":1024000,"_timestamp":1.7547552583440504e+09,"final_train_loss":4.113597869873047,"_step":509,"performance/wall_time":23.31692886352539}