{"_step":10,"step":9,"train_loss":5.673060417175293,"wall_time":0.931180477142334,"_wandb":{"runtime":1},"val_loss":10.038434982299805,"_timestamp":1.7547531702805092e+09,"_runtime":1.419046384}