{"_wandb":{"runtime":1},"_runtime":1.382699258,"_step":10,"step":9,"val_loss":10.372109413146973,"_timestamp":1.7547530239644773e+09,"train_loss":10.331232070922852,"wall_time":0.8632426261901855}