{"_step":999,"val_loss":3.080806255340576,"_wandb":{"runtime":964},"step":999,"train_loss":3.013140916824341,"wall_time":962.9300911426544,"_timestamp":1.753599240716639e+09,"_runtime":964.478534}