{"_wandb":{"runtime":1},"_step":10,"step":9,"val_loss":8.622352600097656,"_timestamp":1.7547530767551608e+09,"_runtime":1.360924754,"train_loss":21.07303810119629,"wall_time":0.9165539741516113}