{"step": 9, "val_loss": 9.218240737915039, "_timestamp": 1754614553.977442, "_runtime": 6.325030088424683, "_step": 10, "train_loss": 8.748510360717773, "wall_time": 6.001242160797119, "_wandb": {"runtime": 6}}