{"step": 999, "val_loss": 2.934818744659424, "_timestamp": 1754612471.002367, "_runtime": 332.34625601768494, "_step": 1009, "train_loss": 2.9240403175354004, "wall_time": 331.971804857254, "_wandb": {"runtime": 332}}