{"val/loss":4.405433177947998,"_timestamp":1.7547559896264944e+09,"_wandb":{"runtime":24},"val_loss":4.057782173156738,"performance/step_time":0.039617300033569336,"data/tokens_processed":2048000,"performance/wall_time":23.48853874206543,"performance/tokens_per_sec":103389.17585320791,"samples/generated_text":{"size":448,"path":"media/html/samples/generated_text_459_a8f3858d4cddf168e514.html","_type":"html-file","sha256":"a8f3858d4cddf168e51447a060e43c492472fa8ca53699cf65d8086d3a6806ad"},"train/loss":4.275634765625,"final_train_loss":4.275634765625,"final_val_loss":4.057782173156738,"_step":509,"train/perplexity":71.92578083551635,"optimization/grad_norm":2.6448702812194824,"val/perplexity":81.89461009995145,"_runtime":24.173863681,"optimization/learning_rate":7.484999999999999e-05}