{"_runtime":1.404956344,"_step":10,"train_loss":10.239027976989746,"wall_time":0.8852887153625488,"_wandb":{"runtime":1},"step":9,"val_loss":10.38189697265625,"_timestamp":1.7547532371034763e+09}