{"step": 9, "val_loss": 8.140433311462402, "_timestamp": 1754614524.569974, "_runtime": 6.23636794090271, "_step": 10, "train_loss": 5.418294429779053, "wall_time": 5.760004281997681, "_wandb": {"runtime": 5}}