{"_wandb":{"runtime":1},"_timestamp":1.7547530872774591e+09,"_runtime":1.535279134,"_step":10,"step":9,"val_loss":10.372598648071289,"train_loss":9.972250938415527,"wall_time":0.8888747692108154}