{"step": 9, "val_loss": 9.128265380859375, "_timestamp": 1754614675.1045172, "_runtime": 7.82064414024353, "_step": 10, "train_loss": 7.195186614990234, "wall_time": 6.784394025802612, "_wandb": {"runtime": 6}}