{"_step":10,"data/tokens_processed":20480,"optimization/grad_norm":0.9939650297164917,"_runtime":1.3260003519999999,"samples/generated_text":{"size":442,"path":"media/html/samples/generated_text_0_772cf62654a4d3678c13.html","_type":"html-file","sha256":"772cf62654a4d3678c13a629914ef1859a0ff75e23d2de704b4af00b0982f90a"},"val/perplexity":22026.465794806718,"val/loss":10.394125938415527,"performance/wall_time":0.8250870704650879,"val/loss_improvement":0,"_wandb":{"runtime":1},"train/loss":10.396883010864258,"train/perplexity":22026.465794806718,"performance/step_time":0.031006574630737305,"optimization/learning_rate":1.3499999999999998e-06,"step":9,"performance/tokens_per_sec":66050.50781616443,"_timestamp":1.7547539478912988e+09}