{"_timestamp":1.7535551449060302e+09,"_runtime":2314.072573,"_step":999,"val_loss":2.863898277282715,"_wandb":{"runtime":2314},"step":999,"train_loss":2.870201349258423,"wall_time":2312.096219062805}