{"val/loss_improvement":0,"optimization/learning_rate":0.00014984999999999998,"performance/tokens_per_sec":47783.4463975791,"data/tokens_processed":2048000,"val/loss":3.457231283187866,"_timestamp":1.7547545717643661e+09,"_wandb":{"runtime":45},"step":999,"_runtime":45.700190816,"performance/step_time":0.04286003112792969,"val/perplexity":31.72900615558322,"optimization/grad_norm":3.357182741165161,"train/perplexity":35.690920746056335,"train/loss":3.5748963356018066,"_step":1009,"samples/generated_text":{"size":365,"path":"media/html/samples/generated_text_909_8a8c150180c9ca8cd031.html","_type":"html-file","sha256":"8a8c150180c9ca8cd0312a5f57937be5069691315774159a8cfe2ff65c5b5652"},"performance/wall_time":45.20419669151306}