{"step":9,"val_loss":9.879121780395508,"_timestamp":1.7547532526145651e+09,"_runtime":1.389335231,"_step":10,"train_loss":6.71415901184082,"wall_time":0.8934638500213623,"_wandb":{"runtime":1}}