{"step":9,"_runtime":2.844827317,"val/loss":10.391716003417969,"_step":10,"train/loss":10.386659622192383,"performance/step_time":0.019915103912353516,"data/tokens_processed":20480,"_timestamp":1.7547538526826012e+09,"samples/generated_text":{"_type":"html-file","sha256":"32effc4a772b4c721e653fa1c1a5ee122c0c27591efe1cbeccfac14bc849392c","size":466,"path":"media/html/samples/generated_text_0_32effc4a772b4c721e65.html"},"_wandb":{"runtime":2},"val/perplexity":22026.465794806718,"val/loss_improvement":0,"optimization/grad_norm":0.9936912059783936,"train/perplexity":22026.465794806718,"performance/wall_time":2.1208555698394775,"performance/tokens_per_sec":102836.52091464144,"optimization/learning_rate":1.3499999999999998e-06}