{"step": 9, "val_loss": 8.573291778564453, "_timestamp": 1754614314.710968, "_runtime": 17.51315999031067, "_step": 10, "train_loss": 5.259251594543457, "wall_time": 16.81562113761902, "_wandb": {"runtime": 16}}