{"val_loss":10.379439353942871,"_timestamp":1.7547530924528537e+09,"_runtime":1.360099637,"_step":10,"train_loss":10.288583755493164,"wall_time":0.9171772003173828,"_wandb":{"runtime":1},"step":9}