{"step": 281, "train_loss": 3.571430206298828, "wall_time": 120.74086213111877, "_timestamp": 1754611224.2926662, "_runtime": 121.48429226875305, "_step": 281, "val_loss": 3.7337284088134766}