{"_step":10,"train_loss":20.5301513671875,"wall_time":0.8075611591339111,"_wandb":{"runtime":1},"step":9,"val_loss":9.520082473754883,"_timestamp":1.7547531183879926e+09,"_runtime":1.625427835}