{"val_loss":10.380531311035156,"_timestamp":1.7547530654641285e+09,"train_loss":10.336183547973633,"wall_time":0.9175245761871338,"_wandb":{"runtime":1},"_runtime":1.393396291,"_step":10,"step":9}