{"step": 9, "val_loss": 9.126945495605469, "_timestamp": 1754614492.7691891, "_runtime": 6.341989040374756, "_step": 10, "train_loss": 6.670047760009766, "wall_time": 5.93649697303772, "_wandb": {"runtime": 6}}