{"_timestamp":1.753597265128484e+09,"_runtime":1046.91347,"_step":999,"step":999,"val_loss":2.8016295433044434,"_wandb":{"runtime":1046},"train_loss":3.087451457977295,"wall_time":1045.5262689590454}