{"step": 9, "val_loss": 8.280149459838867, "_timestamp": 1754614603.673003, "_runtime": 8.413141012191772, "_step": 10, "train_loss": 6.133546829223633, "wall_time": 8.007942914962769, "_wandb": {"runtime": 8}}