{"final_val_loss":3.999539375305176,"val/perplexity":61.91012796523721,"optimization/learning_rate":7.484999999999999e-05,"performance/step_time":0.04330134391784668,"data/tokens_processed":4096000,"performance/wall_time":24.08450961112976,"val_loss":3.999539375305176,"_step":509,"train/perplexity":53.08238549692889,"final_train_loss":3.9718451499938965,"optimization/grad_norm":2.887756109237671,"_runtime":24.58442226,"samples/generated_text":{"_type":"html-file","sha256":"b0b54c78cdfb673a16cbc6323ebb653cdc98e1c2cdaa062cbd3ac9d33004a59e","size":358,"path":"media/html/samples/generated_text_459_b0b54c78cdfb673a16cb.html"},"_wandb":{"runtime":24},"train/loss":3.9718451499938965,"val/loss":4.125683784484863,"performance/tokens_per_sec":189185.8140833283,"_timestamp":1.754755726605904e+09}