{"optimization/learning_rate":7.484999999999999e-05,"val/perplexity":78.27248321538353,"performance/tokens_per_sec":103645.53430343396,"_step":509,"_timestamp":1.754755649411336e+09,"val/loss":4.360196113586426,"optimization/grad_norm":2.70528244972229,"performance/wall_time":23.55380153656006,"train/perplexity":57.14810267449775,"performance/step_time":0.039519309997558594,"_runtime":24.055846152,"_wandb":{"runtime":24},"data/tokens_processed":2048000,"samples/generated_text":{"_type":"html-file","sha256":"a8ed2f68874d377ab41a8d062d265c7090dc6d9d54998ea84ca87f13d2be2539","size":322,"path":"media/html/samples/generated_text_459_a8ed2f68874d377ab41a.html"},"val_loss":4.147669792175293,"final_train_loss":4.0456461906433105,"train/loss":4.0456461906433105,"final_val_loss":4.147669792175293}