{"_timestamp":1.753557462492625e+09,"_runtime":2311.330224,"_step":999,"val_loss":2.968553066253662,"_wandb":{"runtime":2311},"step":999,"train_loss":2.8792643547058105,"wall_time":2309.699490070343}