{"val/perplexity":67.95005079851765,"_step":509,"performance/wall_time":23.231766939163208,"_runtime":23.696611472,"_wandb":{"runtime":23},"train/loss":3.9541962146759033,"optimization/learning_rate":7.484999999999999e-05,"performance/step_time":0.03802180290222168,"optimization/grad_norm":2.1279704570770264,"samples/generated_text":{"path":"media/html/samples/generated_text_459_b1513bbda05dee4c6d90.html","_type":"html-file","sha256":"b1513bbda05dee4c6d901c6876c3b4beeaa1802c76c2c5bdbe0bc8602c17cbdd","size":360},"_timestamp":1.7547547654224567e+09,"data/tokens_processed":4096000,"val/loss":4.218772888183594,"train/perplexity":52.15375666819955,"performance/tokens_per_sec":215455.3275936667}