{"performance/step_time":0.03360438346862793,"data/tokens_processed":20480,"val/loss":10.399507522583008,"val/loss_improvement":0,"optimization/grad_norm":1.134787678718567,"_timestamp":1.7547539366007905e+09,"train/loss":10.393780708312988,"_step":10,"performance/wall_time":0.8018364906311035,"val/perplexity":22026.465794806718,"train/perplexity":22026.465794806718,"_runtime":1.275853781,"performance/tokens_per_sec":60944.43011912279,"optimization/learning_rate":1.3499999999999998e-06,"_wandb":{"runtime":1},"samples/generated_text":{"path":"media/html/samples/generated_text_0_87c51936a5795d0f6e8f.html","_type":"html-file","sha256":"87c51936a5795d0f6e8ff9a6a381fb9eb5d5f7ce30e1f535661197fb197a6335","size":425},"step":9}