{"_wandb":{"runtime":23},"performance/tokens_per_sec":52952.05054832605,"performance/wall_time":23.03210997581482,"train/loss":4.4232940673828125,"_runtime":23.632977528,"train/perplexity":83.37046145091647,"_step":509,"data/tokens_processed":1024000,"samples/generated_text":{"_type":"html-file","sha256":"208d1822e976c07ed851c723f76f06057737098f7957b507ce33d5ab19a71b49","size":335,"path":"media/html/samples/generated_text_459_208d1822e976c07ed851.html"},"optimization/grad_norm":3.667375326156616,"val/perplexity":112.64080774498892,"val/loss":4.724204063415527,"performance/step_time":0.03867650032043457,"optimization/learning_rate":7.484999999999999e-05,"_timestamp":1.7547549578781092e+09}