{"_step":10,"train_loss":6.334569454193115,"wall_time":0.8585405349731445,"_wandb":{"runtime":1},"step":9,"val_loss":9.560223579406738,"_timestamp":1.754753081925552e+09,"_runtime":1.355723495}