{"wall_time":1798.036766052246,"_timestamp":1.75359247632302e+09,"_runtime":1799.770604,"_step":999,"step":999,"train_loss":2.7898263931274414,"val_loss":2.958846092224121,"_wandb":{"runtime":1799}}