{"_timestamp":1.753581995187474e+09,"_runtime":2133.290367,"_step":999,"val_loss":3.2156801223754883,"_wandb":{"runtime":2133},"step":999,"train_loss":2.932539939880371,"wall_time":2131.1206510066986}