{"_step":999,"step":999,"val_loss":2.490288257598877,"_wandb":{"runtime":2803},"train_loss":2.486807346343994,"wall_time":2801.0478801727295,"_timestamp":1.7535848029921842e+09,"_runtime":2803.252838}