{"optimization/grad_norm":1.620208740234375,"_timestamp":1.7547568685865316e+09,"samples/generated_text":{"size":327,"path":"media/html/samples/generated_text_969_bd35ff69e3403cf0e970.html","_type":"html-file","sha256":"bd35ff69e3403cf0e9703c43748776237606cf2d62705f8440042509b55e5d99"},"performance/step_time":0.053269386291503906,"performance/tokens_per_sec":307568.77712730726,"performance/wall_time":74.26555609703064,"_wandb":{"runtime":75},"_step":1019,"final_train_loss":2.6985585689544678,"final_val_loss":2.6247787475585938,"val/perplexity":15.480240725641815,"val_loss":2.6247787475585938,"train/perplexity":14.858299068174716,"optimization/learning_rate":0.00014984999999999998,"val/loss":2.7395644187927246,"_runtime":74.998684101,"train/loss":2.6985585689544678,"data/tokens_processed":16384000}