{"optimization/learning_rate":1.3499999999999998e-06,"train/loss":10.390241622924805,"performance/step_time":0.03335857391357422,"performance/tokens_per_sec":61393.51176420138,"val/loss_improvement":0,"performance/wall_time":0.8479361534118652,"_step":10,"_wandb":{"runtime":1},"val/perplexity":22026.465794806718,"_timestamp":1.7547539583108196e+09,"optimization/grad_norm":1.0602377653121948,"val/loss":10.394365310668945,"step":9,"data/tokens_processed":20480,"train/perplexity":22026.465794806718,"_runtime":1.429840499,"samples/generated_text":{"size":434,"path":"media/html/samples/generated_text_0_e458fe2511b915a372ba.html","_type":"html-file","sha256":"e458fe2511b915a372ba0cd58155ff5c0ef688dbdbf0b4945ea97e1fea43a334"}}