{"step": 9, "val_loss": 8.478290557861328, "_timestamp": 1754614382.474006, "_runtime": 5.6177818775177, "_step": 10, "train_loss": 6.293760299682617, "wall_time": 5.202220678329468, "_wandb": {"runtime": 5}}