{"optimization/learning_rate":7.484999999999999e-05,"_step":509,"val_loss":4.044073581695557,"final_train_loss":3.9735960960388184,"samples/generated_text":{"size":329,"path":"media/html/samples/generated_text_459_3bc352d3166d5310889b.html","_type":"html-file","sha256":"3bc352d3166d5310889b35ff894cdb06e8b29496537cd4c5c88198786e12d14d"},"train/loss":3.9735960960388184,"train/perplexity":53.17541130769084,"performance/tokens_per_sec":203285.598135154,"data/tokens_processed":4096000,"performance/step_time":0.0402979850769043,"val/perplexity":59.590080646413796,"_timestamp":1.7547552326273663e+09,"_runtime":24.411116513,"_wandb":{"runtime":24},"final_val_loss":4.044073581695557,"performance/wall_time":23.914719820022583,"val/loss":4.087489128112793,"optimization/grad_norm":1.9519033432006836}