{"_runtime":1.387210161,"_step":10,"train_loss":10.160213470458984,"wall_time":0.8153119087219238,"_wandb":{"runtime":1},"step":9,"val_loss":10.365743637084961,"_timestamp":1.7547531339377108e+09}