{"step": 999, "val_loss": 2.881467819213867, "_timestamp": 1754612934.091212, "_runtime": 456.4866359233856, "_step": 1009, "train_loss": 3.2100374698638916, "wall_time": 455.9465570449829, "_wandb": {"runtime": 456}}