{"_runtime":1.40549602,"_step":10,"train_loss":10.341955184936523,"wall_time":0.9497458934783936,"_wandb":{"runtime":1},"step":9,"val_loss":10.388757705688477,"_timestamp":1.7547530292433434e+09}