{"step": 9, "val_loss": 9.13056755065918, "_timestamp": 1754614424.7358332, "_runtime": 6.0429651737213135, "_step": 10, "train_loss": 7.593266487121582, "wall_time": 5.739771127700806, "_wandb": {"runtime": 5}}