{"step": 9, "val_loss": 8.577188491821289, "_timestamp": 1754614411.692895, "_runtime": 9.015300035476685, "_step": 10, "train_loss": 5.08097505569458, "wall_time": 7.876713991165161, "_wandb": {"runtime": 8}}