{"data/tokens_processed":2048000,"train/perplexity":33.84097169917282,"performance/tokens_per_sec":50578.71315939776,"optimization/grad_norm":3.78072190284729,"performance/step_time":0.040491342544555664,"step":999,"_wandb":{"runtime":43},"_timestamp":1.754754225215418e+09,"optimization/learning_rate":0.00014984999999999998,"val/loss_improvement":0,"train/loss":3.521672248840332,"_step":1009,"performance/wall_time":43.35650420188904,"val/loss":3.541665554046631,"val/perplexity":34.52437354097142,"_runtime":43.855602778,"samples/generated_text":{"_type":"html-file","sha256":"46c117ec0e23b570e3879686af1a3c57d913941c4e8b92101633f1c85d030515","size":335,"path":"media/html/samples/generated_text_909_46c117ec0e23b570e387.html"}}