{"train/loss":4.104490756988525,"val/loss":4.374159812927246,"train/perplexity":60.611870515608224,"data/tokens_processed":1024000,"_timestamp":1.75475482097196e+09,"_wandb":{"runtime":23},"performance/step_time":0.03884124755859375,"optimization/grad_norm":3.514559507369995,"samples/generated_text":{"path":"media/html/samples/generated_text_459_b13934f86d22360fcc8b.html","_type":"html-file","sha256":"b13934f86d22360fcc8b60e0b1173b44b55432afcdd3859fcfddd41ac3e4c837","size":358},"performance/wall_time":23.24830436706543,"_runtime":23.849657801,"val/perplexity":79.37312325701694,"_step":509,"performance/tokens_per_sec":52727.451581221765,"optimization/learning_rate":7.484999999999999e-05}