{"optimization/grad_norm":1.8913921117782593,"_runtime":23.787131708,"final_val_loss":4.111523628234863,"samples/generated_text":{"path":"media/html/samples/generated_text_459_a16931bfb03e9736fd1a.html","_type":"html-file","sha256":"a16931bfb03e9736fd1a1880b860515cfce7f72ee5e3a54fef6cc289aad8ac38","size":343},"train/loss":3.9491629600524902,"performance/tokens_per_sec":204713.56188819313,"data/tokens_processed":4096000,"performance/step_time":0.040016889572143555,"train/perplexity":51.89191304691739,"_wandb":{"runtime":23},"optimization/learning_rate":7.484999999999999e-05,"_timestamp":1.7547556233989723e+09,"final_train_loss":3.9491629600524902,"val_loss":4.111523628234863,"val/perplexity":63.6733226659675,"val/loss":4.153765678405762,"_step":509,"performance/wall_time":23.235867738723755}