{"step": 9, "val_loss": 9.249001502990723, "_timestamp": 1754614694.6486652, "_runtime": 11.044777154922485, "_step": 10, "train_loss": 9.172155380249023, "wall_time": 9.671479940414429, "_wandb": {"runtime": 10}}