{"val_loss":2.8955178260803223,"_wandb":{"runtime":36140},"step":999,"train_loss":2.637517213821411,"wall_time":36139.19265294075,"_timestamp":1.7536353864321952e+09,"_runtime":36140.440382,"_step":999}