{"performance/tokens_per_sec":107284.33177214084,"_wandb":{"runtime":24},"_runtime":24.062362259,"final_train_loss":4.112297058105469,"optimization/learning_rate":7.484999999999999e-05,"train/perplexity":61.08687663634854,"samples/generated_text":{"sha256":"94fb12516a99c705c33a9a3930b06e0cde069c8967071a04f077a446053dc4e3","size":449,"path":"media/html/samples/generated_text_459_94fb12516a99c705c33a.html","_type":"html-file"},"performance/step_time":0.03817892074584961,"val/loss":4.318377494812012,"data/tokens_processed":2048000,"performance/wall_time":23.42884874343872,"train/loss":4.112297058105469,"val_loss":3.945923089981079,"_timestamp":1.7547558735422142e+09,"final_val_loss":3.945923089981079,"_step":509,"val/perplexity":75.0667332669378,"optimization/grad_norm":2.306986093521118}