{"_timestamp":1.753572616332414e+09,"_runtime":1537.132559,"_step":999,"step":999,"train_loss":3.0366592407226562,"wall_time":1535.4104588031769,"val_loss":3.112177848815918,"_wandb":{"runtime":1537}}