{"_runtime":2056.025613,"_step":999,"step":999,"train_loss":2.617570400238037,"wall_time":2053.2795209884644,"_timestamp":1.753653399693439e+09,"val_loss":2.847670078277588,"_wandb":{"runtime":2056}}