{"step": 9, "val_loss": 9.236770629882812, "_timestamp": 1754614661.232657, "_runtime": 8.626031875610352, "_step": 10, "train_loss": 8.919870376586914, "wall_time": 8.074758291244507, "_wandb": {"runtime": 8}}