{"val_loss":10.278613090515137,"_timestamp":1.754753144124162e+09,"_runtime":1.246888378,"_step":10,"train_loss":6.305356979370117,"wall_time":0.7931458950042725,"_wandb":{"runtime":1},"step":9}