{"train/perplexity":50.15870743875453,"samples/generated_text":{"size":328,"path":"media/html/samples/generated_text_459_477dbd7895f17483f7bf.html","_type":"html-file","sha256":"477dbd7895f17483f7bfd0f1a3c8478e60737f54896e0b8a37feea0df14ea125"},"performance/tokens_per_sec":205327.674437227,"final_val_loss":4.063342571258545,"_timestamp":1.75475601591907e+09,"_runtime":24.452167187,"_wandb":{"runtime":24},"optimization/learning_rate":7.484999999999999e-05,"train/loss":3.915192127227783,"performance/step_time":0.03989720344543457,"data/tokens_processed":4096000,"optimization/grad_norm":1.649774193763733,"performance/wall_time":23.95604634284973,"val_loss":4.063342571258545,"_step":509,"val/loss":4.167919158935547,"val/perplexity":64.58092954572761,"final_train_loss":3.915192127227783}