{"_step":999,"step":999,"train_loss":2.6261627674102783,"wall_time":1917.7831020355225,"val_loss":2.7218244075775146,"_wandb":{"runtime":1920},"_timestamp":1.753588536292952e+09,"_runtime":1920.352448}