{"_step":10,"train_loss":10.337369918823242,"wall_time":0.8788976669311523,"_wandb":{"runtime":1},"step":9,"val_loss":10.374847412109375,"_timestamp":1.7547531391154833e+09,"_runtime":1.359861234}