{"val_loss":10.326934814453125,"_timestamp":1.754753056181032e+09,"_runtime":1.577847626,"_step":10,"train_loss":9.444231033325195,"wall_time":0.8536179065704346,"_wandb":{"runtime":1},"step":9}