{"val_loss":4.098616600036621,"performance/wall_time":23.973876953125,"samples/generated_text":{"_type":"html-file","sha256":"4ee273bfe1af191d69ec6f21abe2f821e65331f29c616a8837190dac09882ad3","size":313,"path":"media/html/samples/generated_text_459_4ee273bfe1af191d69ec.html"},"_runtime":24.601519204,"val/loss":4.1890363693237305,"train/perplexity":52.25097245220934,"performance/step_time":0.03993964195251465,"_timestamp":1.7547558132790394e+09,"data/tokens_processed":4096000,"performance/tokens_per_sec":205109.5002238552,"optimization/learning_rate":7.484999999999999e-05,"optimization/grad_norm":2.076005697250366,"final_val_loss":4.098616600036621,"_wandb":{"runtime":24},"train/loss":3.9560585021972656,"val/perplexity":65.9592000177199,"final_train_loss":3.9560585021972656,"_step":509}