{"_step":999,"val_loss":2.604509115219116,"_wandb":{"runtime":3461},"step":999,"train_loss":2.871397018432617,"wall_time":3460.607990026474,"_timestamp":1.753511905403018e+09,"_runtime":3460.384881}