{"_wandb":{"runtime":1652},"_step":999,"step":999,"train_loss":2.7811317443847656,"wall_time":1651.0544707775116,"_timestamp":1.753594133794175e+09,"_runtime":1652.243522,"val_loss":2.767425537109375}