{"_wandb":{"runtime":2286},"step":999,"train_loss":2.879300594329834,"wall_time":2285.031764984131,"_timestamp":1.753577567109044e+09,"_runtime":2286.791439,"_step":999,"val_loss":2.7803356647491455}