{"performance/wall_time":0.8779881000518799,"_step":10,"train/loss":10.36361312866211,"_runtime":1.366458336,"val/loss_improvement":0,"performance/step_time":0.032769203186035156,"data/tokens_processed":20480,"step":9,"performance/tokens_per_sec":62497.70518902244,"optimization/learning_rate":1.3499999999999998e-06,"optimization/grad_norm":1.046571969985962,"samples/generated_text":{"_type":"html-file","sha256":"3d87a9f75f95203449abfdc1c1a77d7411ed92abaf9a470be2d8a653317f453f","size":428,"path":"media/html/samples/generated_text_0_3d87a9f75f95203449ab.html"},"val/loss":10.364587783813477,"_wandb":{"runtime":1},"val/perplexity":22026.465794806718,"_timestamp":1.7547539995184727e+09,"train/perplexity":22026.465794806718}