{"performance/wall_time":0.8927605152130127,"samples/generated_text":{"path":"media/html/samples/generated_text_0_034a36501dc07ba9b833.html","_type":"html-file","sha256":"034a36501dc07ba9b833b1f57bc31dd0a9900e388857bd98aa15367f170e63fc","size":442},"step":9,"optimization/grad_norm":1.1202961206436157,"train/loss":10.402887344360352,"performance/tokens_per_sec":59251.55263702457,"data/tokens_processed":20480,"performance/step_time":0.03456449508666992,"_wandb":{"runtime":1},"val/perplexity":22026.465794806718,"_timestamp":1.754753978863078e+09,"_step":10,"_runtime":1.393660166,"val/loss":10.395959854125977,"val/loss_improvement":0,"train/perplexity":22026.465794806718,"optimization/learning_rate":1.3499999999999998e-06}