{"_timestamp":1.7547530975574322e+09,"_runtime":1.370440301,"_step":10,"step":9,"val_loss":10.000066757202148,"wall_time":0.9048831462860107,"train_loss":6.08473539352417,"_wandb":{"runtime":1}}