{"_step":10,"step":9,"val_loss":10.385868072509766,"wall_time":0.8195550441741943,"train_loss":10.362621307373047,"_wandb":{"runtime":1},"_timestamp":1.7547532318064094e+09,"_runtime":1.357966716}