{"step": 9, "val_loss": 9.23676586151123, "_timestamp": 1754614508.3703492, "_runtime": 6.834952116012573, "_step": 10, "train_loss": 9.050283432006836, "wall_time": 6.502167224884033, "_wandb": {"runtime": 6}}