{"_wandb":{"runtime":1},"val_loss":10.1714506149292,"_timestamp":1.7547530344939554e+09,"_runtime":1.463263548,"_step":10,"step":9,"train_loss":6.470441818237305,"wall_time":0.9541366100311279}