{"_step":999,"step":999,"train_loss":2.703813076019287,"wall_time":2251.2530748844147,"_timestamp":1.753651340783207e+09,"val_loss":2.534914016723633,"_wandb":{"runtime":2255},"_runtime":2255.39794}