{"_wandb":{"runtime":2420},"step":999,"train_loss":2.755431652069092,"wall_time":2417.8387298583984,"_timestamp":1.753649062197789e+09,"_runtime":2420.126077,"_step":999,"val_loss":2.816871404647827}