{"_step":10,"data/tokens_processed":20480,"val/loss_improvement":0,"_runtime":1.405534719,"performance/wall_time":0.8503372669219971,"_wandb":{"runtime":1},"val/perplexity":22026.465794806718,"optimization/learning_rate":1.3499999999999998e-06,"_timestamp":1.7547539736904154e+09,"samples/generated_text":{"sha256":"56958a0d63b74526503a6bf051fd54ed63c20403eb548e760a3493039c21dcc1","size":473,"path":"media/html/samples/generated_text_0_56958a0d63b74526503a.html","_type":"html-file"},"val/loss":10.383285522460938,"step":9,"performance/tokens_per_sec":61319.883726906715,"performance/step_time":0.03339862823486328,"train/perplexity":22026.465794806718,"optimization/grad_norm":1.1504448652267456,"train/loss":10.377180099487305}