{"_runtime":1.353110569,"val/loss":10.386198043823242,"performance/step_time":0.0331876277923584,"data/tokens_processed":20480,"performance/tokens_per_sec":61709.74354700824,"optimization/learning_rate":1.3499999999999998e-06,"_step":10,"optimization/grad_norm":1.1440660953521729,"performance/wall_time":0.7992868423461914,"train/loss":10.39115047454834,"val/loss_improvement":0,"step":9,"_wandb":{"runtime":1},"val/perplexity":22026.465794806718,"train/perplexity":22026.465794806718,"samples/generated_text":{"_type":"html-file","sha256":"2841ccfd05498baa50bfe6ae3ce04fb80df8a3e3a74fb8949ad70204f0143551","size":475,"path":"media/html/samples/generated_text_0_2841ccfd05498baa50bf.html"},"_timestamp":1.754753921151173e+09}