{"step": 999, "train_loss": 2.6353683471679688, "wall_time": 380.1109666824341, "_timestamp": 1754610073.237448, "_runtime": 380.6517970561981, "_step": 999, "val_loss": 2.8278300762176514, "_wandb": {"runtime": 380}}