{"step": 9, "val_loss": 9.220251083374023, "_timestamp": 1754614478.65001, "_runtime": 7.314965009689331, "_step": 10, "train_loss": 9.079416275024414, "wall_time": 6.714862108230591, "_wandb": {"runtime": 6}}