{"optimization/learning_rate":7.484999999999999e-05,"train/loss":4.222509860992432,"_wandb":{"runtime":23},"performance/wall_time":22.708247900009155,"_timestamp":1.7547557858308275e+09,"final_train_loss":4.222509860992432,"val/perplexity":116.61375843138457,"_runtime":23.215274254,"final_val_loss":4.1744184494018555,"train/perplexity":68.20445334234509,"data/tokens_processed":1024000,"performance/tokens_per_sec":53336.07316846007,"optimization/grad_norm":3.3934237957000732,"val/loss":4.758867263793945,"_step":509,"val_loss":4.1744184494018555,"samples/generated_text":{"size":418,"path":"media/html/samples/generated_text_459_b5e821e0bd956f0330a0.html","_type":"html-file","sha256":"b5e821e0bd956f0330a05e39620deba32d353f58a4cdde7901239b1129c2d37a"},"performance/step_time":0.038398027420043945}