{"step": 9, "val_loss": 9.228109359741211, "_timestamp": 1754614336.585691, "_runtime": 5.370704889297485, "_step": 10, "train_loss": 9.140533447265625, "wall_time": 4.936339855194092, "_wandb": {"runtime": 5}}