{"_step":10,"train_loss":5.78923225402832,"wall_time":0.8709545135498047,"_wandb":{"runtime":1},"step":9,"val_loss":9.551124572753906,"_timestamp":1.7547530497921705e+09,"_runtime":1.272104197}