{"performance/step_time":0.03985190391540527,"optimization/learning_rate":7.484999999999999e-05,"_step":509,"optimization/grad_norm":1.8540356159210205,"data/tokens_processed":4096000,"final_val_loss":4.10969877243042,"_wandb":{"runtime":24},"train/loss":3.967801809310913,"val/loss":4.102538108825684,"train/perplexity":52.86818865531947,"_timestamp":1.7547557566871107e+09,"val/perplexity":60.49363233435177,"final_train_loss":3.967801809310913,"_runtime":24.216818447,"samples/generated_text":{"_type":"html-file","sha256":"f1c0044c19bf76692e6114305ccc419ba063ea3e7f61baf25a5fbaeb41e79064","size":328,"path":"media/html/samples/generated_text_459_f1c0044c19bf76692e61.html"},"performance/tokens_per_sec":205561.0697393375,"performance/wall_time":23.73085308074951,"val_loss":4.10969877243042}