{"val/loss":4.601593017578125,"performance/step_time":0.038255929946899414,"data/tokens_processed":1024000,"_timestamp":1.7547551008955805e+09,"val/perplexity":99.64292220347804,"val_loss":4.4206061363220215,"optimization/grad_norm":3.53836727142334,"final_train_loss":4.200385570526123,"performance/tokens_per_sec":53534.184186417544,"_runtime":23.894570361,"_step":509,"train/perplexity":66.71204828225633,"samples/generated_text":{"path":"media/html/samples/generated_text_459_a414a2eb1417cf187095.html","_type":"html-file","sha256":"a414a2eb1417cf187095b86a0ae895699059a66bdc93df5f964e1cc005527c9c","size":339},"optimization/learning_rate":7.484999999999999e-05,"performance/wall_time":23.20679521560669,"final_val_loss":4.4206061363220215,"_wandb":{"runtime":23},"train/loss":4.200385570526123}