{"performance/step_time":0.051087379455566406,"_wandb":{"runtime":13},"performance/tokens_per_sec":160352.71504041518,"_runtime":13.391560054,"val/loss":5.335236549377441,"val/perplexity":207.52183216259542,"optimization/grad_norm":1.7144081592559814,"train/loss":5.33664608001709,"samples/generated_text":{"path":"media/html/samples/generated_text_255_8e3d66e5784c42558f52.html","_type":"html-file","sha256":"8e3d66e5784c42558f52b4a98550c346a2fca84f90fb0aed59770d8c368adf5d","size":416},"train/perplexity":207.81454679007942,"performance/wall_time":12.908642053604126,"data/tokens_processed":2113536,"_timestamp":1.75475497313768e+09,"_step":263,"optimization/learning_rate":3.8549999999999995e-05}